INSERT INTO projects (id, title, category, funding_goal, start_date, end_date) VALUES 
(1, "carpet", "basement", 300, "May", "December"),
(2, "drywall", "basement", 500, "May", "December"), 
(3, "ceiling", "basement", 450, "May", "December"), 
(4, "laundry room", "basement", 150, "May", "June"), 
(5, "counter tops", "kitchen", 600, "May", "June"), 
(6, "cabinets", "kitchen", 350, "May", "July"), 
(7, "fire place", "family room" 200, "August", "December"), 
(8, "lighting", "patio", 100, "May", "June"),
(9, "deck", "patio", 700, "May", "August"), 
(10, "fire pit", "yard" 225, "May", "June");

INSERT INTO users (id, name, age) VALUES
(1, 'Finnebar', 17), 
(2, 'Bear', 6), 
(3, 'Iguana', 4), 
(4, 'Alex', 33), 
(5, 'Amanda', 24), 
(6, 'Sophie', 24), 
(7, 'Rosey', 9), 
(8, 'Victoria', 23), 
(9, 'Franz', 100), 
(10, 'Hermione', 30), 
(11, 'Voldemort', 90), 
(12, 'Marisa', 24), 
(13, 'Swizzle', 4), 
(14, 'Sirius', 36), 
(15, 'Albus', 113), 
(16, 'Squid', 5), 
(17, 'Whale', 6), 
(18, 'Pacha', 5), 
(19, 'Ena', 24), 
(20, 'Katie', 24);


INSERT INTO pledges (id, amount, user_id, project_id) VALUES
(1, 20, 1, 1),
(2, 30, 2, 1),
(3, 40, 3, 2),
(4, 50, 4, 2),
(5, 60, 5, 3), 
(6, 70, 6, 3), 
(7, 80, 7, 4), 
(8, 90, 8, 4), 
(9, 100, 9, 5), 
(10, 90, 10, 5), 
(11, 80, 11, 6), 
(12, 70, 12, 6), 
(13, 60, 13, 7), 
(14, 50, 14, 7), 
(15, 100, 15, 8), 
(16, 200, 16, 8), 
(17, 300, 17, 9), 
(18, 400, 18, 9), 
(19, 500, 19, 10), 
(20, 600, 20, 10),
(21, 700, 1, 10),
(22, 800, 2, 9),
(23, 900, 3, 8),
(24, 1000, 4, 7),
(25, 900, 5, 6),
(26, 800, 6, 5),
(27, 700, 7, 4),
(28, 800, 8, 3),
(29, 700, 9, 2),
(30, 600, 10, 1);