INSERT INTO projects (id, title, category, funding_goal, start_date, end_date) VALUES 
(1, "carpet", "basement", 300, "May", "December"),
(2, "drywall", "basement", 500, "May", "December"), 
(3, "ceiling", "basement", 450, "May", "December"), 
(4, "laundry room", "basement", 150, "May", "June"), 
(5, "counter tops", "kitchen", 600, "May", "June"), 
(6, "cabinets", "kitchen", 350, "May", "July"), 
(7, "fire place", "family room" 200, "August", "December"), 
(8, "lighting", "patio", 100, "May", "June"),
(9, "deck", "patio", 700, "May", "August"), 
(10, "fire pit", "yard" 225, "May", "June");

INSERT INTO users (id, name, age) VALUES
(1, "Audra", 33), 
(2, "Benjamin", 34), 
(3, "Carol", 61), 
(4, "Doug", 65),
(5, "Sandy", 61),
(6, "Gabe", 30),
(7, "Kristen", 30),
(8, "Tess", 27),
(9, "Garrett", 26),
(10, "Koann", 75),
(11, "Harry", 61), 
(12, "Darla", 60), 
(13, "Alli", 31), 
(14, "Sara", 33),
(15, "Mollie", 38),
(16, "Tommi", 42), 
(17, "Nick", 35), 
(18, "Taryn", 34), 
(19, "Larry", 37), 
(20, "Ondrej", 21);

INSERT INTO pledges (id, amount, user_id, project_id) VALUES
(1, 20, 1, 1),
(2, 30, 2, 1),
(3, 40, 3, 2),
(4, 50, 4, 2),
(5, 60, 5, 3), 
(6, 70, 6, 3), 
(7, 80, 7, 4), 
(8, 90, 8, 4), 
(9, 100, 9, 5), 
(10, 90, 10, 5), 
(11, 80, 11, 6), 
(12, 70, 12, 6), 
(13, 60, 13, 7), 
(14, 50, 14, 7), 
(15, 100, 15, 8), 
(16, 200, 16, 8), 
(17, 300, 17, 9), 
(18, 400, 18, 9), 
(19, 500, 19, 10), 
(20, 600, 20, 10),
(21, 700, 1, 10),
(22, 800, 2, 9),
(23, 900, 3, 8),
(24, 1000, 4, 7),
(25, 900, 5, 6),
(26, 800, 6, 5),
(27, 700, 7, 4),
(28, 800, 8, 3),
(29, 700, 9, 2),
(30, 600, 10, 1);